title,slug,summary,activityType,difficultyLevel,durationMinDays,durationMaxDays,maxAltitudeMeters,districts,seasons,tags,editorEmail,content,approvalStatus
Everest Base Camp Trek,,"The Everest Base Camp Trek is Nepal's most iconic trekking adventure, taking hikers through the heart of the Khumbu region to the foot of the world's highest mountain, Mount Everest (8,848.86 m). Along the way, trekkers experience breathtaking Himalayan landscapes, Sherpa culture, ancient monasteries, suspension bridges, and Sagarmatha National Park while acclimatizing through picturesque villages such as Namche Bazaar, Tengboche, Dingboche, and Lobuche. Reaching Everest Base Camp at 5,364 meters and hiking to Kala Patthar for panoramic sunrise views are the highlights of this unforgettable high-altitude journey, making it one of the world's most sought-after trekking experiences.",teahouse-trekking,challenging,12,16,5545,solukhumbu,"spring,autumn","everest,base-camp,himalayas,sherpa-culture,sagarmatha-national-park,kala-patthar,high-altitude,teahouse,unesco-world-heritage,mountain-views",,,
Everest Three Passes Trek,,"The Everest Three Passes Trek is the ultimate trekking adventure in Nepal's Khumbu region, combining the classic Everest Base Camp route with crossings of the three high mountain passes—Kongma La (5,535 m), Cho La (5,420 m), and Renjo La (5,360 m). This demanding circuit offers spectacular views of Everest, Lhotse, Makalu, Cho Oyu, and countless other Himalayan peaks while visiting iconic destinations such as Namche Bazaar, Gokyo Lakes, Everest Base Camp, and Kala Patthar. With its challenging terrain, glacier crossings, and remote alpine landscapes, it is regarded as one of the finest high-altitude trekking experiences in the world.",teahouse-trekking,strenuous,18,21,5555,solukhumbu,"spring,autumn","everest,three-passes,kongma-la,cho-la,renjo-la,gokyo-lakes,everest-base-camp,kala-patthar,sagarmatha-national-park,sherpa-culture,high-altitude,glacier-crossing,mountain-views,circuit-trek",,,
Gokyo Lakes Trek,,"The Gokyo Lakes Trek is a spectacular high-altitude journey through Nepal's Khumbu region, leading trekkers to the pristine turquoise lakes of Gokyo Valley and the panoramic summit of Gokyo Ri. The trek follows the Dudh Koshi Valley through traditional Sherpa villages, rhododendron forests, and alpine landscapes before reaching the sacred glacial lakes beneath some of the world's highest peaks. With breathtaking views of Everest, Lhotse, Makalu, and Cho Oyu, fewer crowds than the Everest Base Camp route, and the chance to explore the vast Ngozumpa Glacier, the Gokyo Lakes Trek is one of Nepal's most rewarding Himalayan adventures.",teahouse-trekking,challenging,12,15,5357,solukhumbu,"spring,autumn","gokyo-lakes,gokyo-ri,everest,khumbu,ngozumpa-glacier,sherpa-culture,sagarmatha-national-park,glacial-lakes,mountain-views,high-altitude,teahouse",,,
Gokyo Ri Trek,,"The Gokyo Ri Trek is a scenic Himalayan adventure in Nepal's Khumbu region that takes trekkers to the summit of Gokyo Ri (5,357 m), one of the finest viewpoints in the Everest region. Passing through traditional Sherpa villages, alpine meadows, and the stunning Gokyo Lakes, the trail offers incredible panoramas of Mount Everest, Lhotse, Makalu, Cho Oyu, and the immense Ngozumpa Glacier. With fewer crowds than the Everest Base Camp route, this trek provides an excellent combination of breathtaking mountain scenery, rich Sherpa culture, and high-altitude trekking without the need to visit Everest Base Camp.",teahouse-trekking,challenging,10,13,5357,solukhumbu,"spring,autumn","gokyo-ri,gokyo-lakes,everest,khumbu,ngozumpa-glacier,sherpa-culture,sagarmatha-national-park,mountain-views,high-altitude,teahouse,sunrise-viewpoint",,,
Cho La Pass Trek,,"The Cho La Pass Trek is a thrilling high-altitude trek in Nepal's Everest region that connects the Gokyo Valley with the Everest Base Camp trail via the dramatic Cho La Pass (5,420 m). Trekkers journey through Sherpa villages, turquoise glacial lakes, rugged alpine terrain, and the vast Ngozumpa Glacier before crossing one of the Khumbu's most challenging mountain passes. Combining the beauty of Gokyo Lakes, Everest Base Camp, and Kala Patthar with an exciting alpine crossing, the trek offers an unforgettable adventure for experienced hikers seeking diverse landscapes and spectacular Himalayan views.",teahouse-trekking,strenuous,15,18,5545,solukhumbu,"spring,autumn","cho-la-pass,everest-base-camp,gokyo-lakes,kala-patthar,everest,khumbu,ngozumpa-glacier,sherpa-culture,sagarmatha-national-park,high-altitude,glacier-crossing,mountain-views,teahouse",,,
Renjo La Pass Trek,,"The Renjo La Pass Trek is a breathtaking adventure in Nepal's Everest region that crosses the scenic Renjo La Pass (5,360 m), linking the Gokyo Valley with the remote Bhote Koshi Valley. The trek follows peaceful trails through traditional Sherpa villages, pristine alpine landscapes, and the stunning Gokyo Lakes before ascending to one of the finest viewpoints in the Khumbu. From the pass, trekkers are rewarded with panoramic views of Everest, Lhotse, Makalu, Cho Oyu, and countless surrounding peaks, making this a quieter yet equally rewarding alternative to the classic Everest Base Camp route.",teahouse-trekking,strenuous,13,16,5360,solukhumbu,"spring,autumn","renjo-la-pass,gokyo-lakes,everest,khumbu,cho-oyu,makalu,lhotse,sherpa-culture,sagarmatha-national-park,high-altitude,mountain-pass,mountain-views,teahouse",,,
Island Peak Climb,,"The Island Peak Climb is Nepal's most popular trekking peak expedition, combining a classic Everest region trek with a rewarding non-technical mountaineering experience. After trekking through Sherpa villages and the spectacular Khumbu Valley, climbers establish a high camp before ascending Island Peak (Imja Tse) at 6,189 meters using crampons, fixed ropes, and basic alpine climbing techniques. The summit offers breathtaking views of Lhotse, Nuptse, Ama Dablam, Makalu, and the surrounding Himalayan giants, making it an ideal introduction to Himalayan mountaineering.",peak-climbing,extreme,16,20,6189,solukhumbu,"spring,autumn","island-peak,imja-tse,peak-climbing,everest,khumbu,sherpa-culture,high-altitude,mountaineering,fixed-ropes,crampons,summit,ama-dablam,mountain-views",,,
Lobuche East Peak Climb,,"The Lobuche East Peak Climb is a challenging trekking peak expedition in Nepal's Everest region, offering experienced climbers an exciting blend of high-altitude trekking and technical mountaineering. Following the classic Everest Base Camp trail through Sherpa villages and Sagarmatha National Park, the climb culminates on Lobuche East (6,119 m), where climbers use crampons, ice axes, and fixed ropes to reach the summit. The reward is an unforgettable panorama of Everest, Lhotse, Nuptse, Ama Dablam, Pumori, and the surrounding Himalayan peaks, making it one of Nepal's most sought-after alpine adventures.",peak-climbing,extreme,17,20,6119,solukhumbu,"spring,autumn","lobuche-east,peak-climbing,everest-base-camp,everest,khumbu,sagarmatha-national-park,high-altitude,mountaineering,fixed-ropes,crampons,ice-axe,summit,ama-dablam,mountain-views",,,
Mera Peak Climb,,"The Mera Peak Climb is Nepal's highest trekking peak expedition, taking climbers through the remote Hinku Valley to the summit of Mera Peak (6,476 m). The journey combines scenic trekking through pristine forests, alpine meadows, and traditional mountain villages with a gradual ascent to high-altitude glaciers before the final summit push. Although technically less demanding than many Himalayan peaks, the extreme altitude makes the climb physically challenging. From the summit, climbers enjoy one of the finest panoramas in the Himalayas, with views of Everest, Lhotse, Makalu, Cho Oyu, and Kanchenjunga.",peak-climbing,extreme,16,20,6476,solukhumbu,"spring,autumn","mera-peak,peak-climbing,hinku-valley,everest,makalu,cho-oyu,lhotse,kanchenjunga,high-altitude,mountaineering,glacier,summit,crampons,mountain-views",,,
Ama Dablam Base Camp Trek,,"A scenic trek in the Khumbu region to the base of Ama Dablam (6,812 m), one of the most photogenic peaks in the Himalayas, passing through Namche Bazaar and Pangboche with close-up views of Everest, Lhotse, and Kantega.",teahouse-trekking,moderate,10,12,4600,solukhumbu,"spring,autumn","ama-dablam,khumbu,sherpa-culture,namche-bazaar,mountain-views,sagarmatha-national-park,teahouse",,,
Pikey Peak Trek,,"A quieter alternative to the classic Everest treks, climbing to Pikey Peak (4,065 m) for a sweeping 360-degree panorama of Everest, Makalu, and the eastern Himalaya, through rhododendron forests and traditional Sherpa and Rai villages.",teahouse-trekking,moderate,6,8,4065,solukhumbu,"spring,autumn,winter","pikey-peak,everest,sherpa-culture,rhododendron-forest,sunrise-viewpoint,mountain-views,teahouse",,,
Khumbu Glacier Trek,,"An exploratory trek along the Khumbu Glacier in the shadow of Everest, combining the classic base camp trail with close access to glacial moraines, ice formations, and high-altitude viewpoints above Gorak Shep.",teahouse-trekking,challenging,12,14,5364,solukhumbu,"spring,autumn","khumbu-glacier,everest,sagarmatha-national-park,high-altitude,teahouse,mountain-views",,,
Everest View Trek,,"A short, gentler trek into the Khumbu that reaches Everest View Hotel above Namche Bazaar for panoramic sunrise views of Everest, Lhotse, and Ama Dablam, ideal for trekkers with limited time or acclimatization concerns.",teahouse-trekking,easy,7,9,3880,solukhumbu,"spring,autumn","everest,namche-bazaar,sherpa-culture,mountain-views,short-trek,teahouse",,,
Annapurna Circuit Trek,,"One of the world's classic long-distance treks, circling the Annapurna massif through diverse landscapes from subtropical valleys to high alpine desert, crossing the dramatic Thorong La Pass (5,416 m) between Manang and Muktinath.",teahouse-trekking,challenging,15,18,5416,"manang,mustang","spring,autumn","annapurna-circuit,thorong-la,manang,mustang,high-altitude,mountain-pass,teahouse,mountain-views",,,
Annapurna Base Camp Trek,,"A hugely popular trek into the Annapurna Sanctuary, a natural amphitheater surrounded by Annapurna I, Machhapuchhre, and Hiunchuli, passing through Gurung villages, rhododendron forests, and terraced hillsides.",teahouse-trekking,moderate,7,10,4130,"kaski,myagdi","spring,autumn","annapurna-base-camp,machhapuchhre,gurung-culture,rhododendron-forest,mountain-views,teahouse",,,
Mardi Himal Trek,,"A ridge-line trek off the beaten path offering close-up views of Machhapuchhre and the Annapurna range, climbing through forest and grassy ridgelines to a high viewpoint beneath Mardi Himal.",teahouse-trekking,moderate,5,7,4500,kaski,"spring,autumn","mardi-himal,machhapuchhre,annapurna,ridge-trek,mountain-views,teahouse",,,
Khopra Ridge Trek,,"A scenic and less-crowded trek to Khopra Ridge, offering wide views of Annapurna South, Dhaulagiri, and the Nilgiris, with an optional side trip to the sacred Khayer Lake.",teahouse-trekking,moderate,7,9,4660,myagdi,"spring,autumn","khopra-ridge,annapurna,dhaulagiri,khayer-lake,mountain-views,teahouse",,,
Poon Hill Trek,,"A short, iconic trek to the Poon Hill viewpoint (3,210 m), famous for sunrise panoramas over Annapurna, Dhaulagiri, and Machhapuchhre, through Gurung and Magar villages and rhododendron forest.",teahouse-trekking,easy,4,5,3210,"kaski,myagdi","spring,autumn,winter","poon-hill,annapurna,sunrise-viewpoint,gurung-culture,rhododendron-forest,short-trek,teahouse",,,
Mohare Danda Trek,,"A community-run trek to Mohare Danda ridge, blending Annapurna and Dhaulagiri mountain views with homestays in Magar and Gurung villages, popular as a quieter alternative to Poon Hill.",teahouse-trekking,easy,5,6,3300,"myagdi,parbat","spring,autumn","mohare-danda,annapurna,dhaulagiri,community-trek,homestay,mountain-views,teahouse",,,
Nar Phu Valley Trek,,"A remote, restricted-area trek into the hidden valleys of Nar and Phu near the Tibetan border, featuring Tibetan-Buddhist culture, ancient monasteries, and dramatic canyon scenery, crossing the high Kang La Pass.",teahouse-trekking,strenuous,12,15,5320,manang,"spring,autumn","nar-phu-valley,restricted-area,tibetan-culture,kang-la,manang,high-altitude,remote-trek",,,
Tilicho Lake Trek,,"A trek to Tilicho Lake, one of the highest lakes in the world, set beneath the Tilicho Peak with dramatic views across the Annapurna range, usually combined with the Annapurna Circuit.",teahouse-trekking,challenging,12,14,5416,manang,"spring,autumn","tilicho-lake,annapurna,manang,high-altitude,mountain-views,teahouse",,,
Thorong La Pass Trek,,"A high-altitude crossing of Thorong La (5,416 m), the highlight of the Annapurna Circuit, linking the arid Manang valley with the sacred pilgrimage site of Muktinath in Mustang.",teahouse-trekking,challenging,14,16,5416,"manang,mustang","spring,autumn","thorong-la,annapurna-circuit,manang,mustang,high-altitude,mountain-pass,teahouse",,,
Upper Mustang Trek,,"A journey into the restricted former Kingdom of Lo, a high desert landscape of eroded cliffs, cave dwellings, and centuries-old Tibetan-Buddhist monasteries, centered on the walled capital of Lo Manthang.",teahouse-trekking,moderate,10,12,3840,mustang,"spring,summer,autumn","upper-mustang,lo-manthang,restricted-area,tibetan-culture,desert-landscape,teahouse",,,
Upper Mustang Jeep Tour,,"A jeep-based journey through the dramatic desert landscapes and ancient monasteries of Upper Mustang, reaching Lo Manthang without the physical demands of trekking, ideal for travelers short on time.",jeep-tour,easy,6,8,3840,mustang,"spring,summer,autumn","upper-mustang,lo-manthang,jeep-tour,restricted-area,tibetan-culture,desert-landscape",,,
Jomsom Muktinath Trek,,"A classic trek through the dramatic Kali Gandaki gorge from Jomsom to the sacred pilgrimage site of Muktinath, passing apple orchards, windswept desert terrain, and traditional Thakali villages.",teahouse-trekking,moderate,6,8,3800,mustang,"spring,autumn,winter","jomsom,muktinath,kali-gandaki,thakali-culture,pilgrimage,teahouse",,,
Muktinath Pilgrimage Trek,,"A pilgrimage-focused trek to the sacred Muktinath Temple, revered by both Hindus and Buddhists, following the Kali Gandaki valley through Thakali villages and dramatic high-desert scenery.",pilgrimage-trek,easy,4,6,3800,mustang,"spring,autumn","muktinath,pilgrimage,kali-gandaki,thakali-culture,sacred-site,teahouse",,,
Dhaulagiri Circuit Trek,,"A demanding wilderness circuit around Dhaulagiri (8,167 m), crossing the glaciated French Pass and Dhampus Pass through remote high-altitude terrain, rewarding experienced trekkers with dramatic close-up mountain scenery.",camping-trekking,extreme,16,20,5360,"myagdi,baglung,mustang","spring,autumn","dhaulagiri-circuit,french-pass,high-altitude,glacier-crossing,remote-trek,mountain-views",,,
Gurja Himal Trek,,"A remote off-the-beaten-path trek to the base of Gurja Himal, offering solitude, untouched forest and alpine scenery, and dramatic views of the Dhaulagiri massif away from the main trekking routes.",camping-trekking,strenuous,12,14,5000,"baglung,myagdi","spring,autumn","gurja-himal,dhaulagiri,remote-trek,high-altitude,mountain-views",,,
Sikles Kapuche Trek,,"A cultural trek through Sikles, one of the largest Gurung villages in Nepal, and onward toward Kapuche, combining traditional village life with forest trails and views of Annapurna II and Lamjung Himal.",teahouse-trekking,moderate,6,8,2800,kaski,"spring,autumn","sikles,gurung-culture,annapurna,village-trek,mountain-views,teahouse",,,
Kapuche Lake Trek,,"A trek to the glacial Kapuche Lake beneath Annapurna II and IV, a lesser-known destination combining forested trails, Gurung villages, and dramatic alpine scenery near Sikles.",teahouse-trekking,moderate,5,7,3600,kaski,"spring,autumn","kapuche-lake,annapurna,gurung-culture,glacial-lake,mountain-views,teahouse",,,
Royal Trek,,"A short, easy trek near Pokhara following the route once walked by Britain's Prince Charles, through Gurung villages and terraced farmland with fine views of the Annapurna range.",teahouse-trekking,easy,3,4,1730,kaski,"spring,autumn,winter","royal-trek,gurung-culture,pokhara,short-trek,mountain-views,teahouse",,,
Machhapuchhre Model Trek,,"A gentle introductory trek near Pokhara through Gurung villages with close views of the fishtail-shaped Machhapuchhre, well suited to families and first-time trekkers.",teahouse-trekking,easy,4,5,2000,kaski,"spring,autumn","machhapuchhre,gurung-culture,pokhara,family-friendly,mountain-views,teahouse",,,
Lamjung Himal Trek,,"A remote trek toward the base of Lamjung Himal, combining Gurung village culture with quiet forest trails and alpine terrain away from the crowded Annapurna routes.",camping-trekking,strenuous,10,12,4500,lamjung,"spring,autumn","lamjung-himal,gurung-culture,remote-trek,mountain-views",,,
Manaslu Circuit Trek,,"A restricted-area circuit around Manaslu (8,163 m), the eighth-highest mountain in the world, crossing the high Larkya La Pass through remote villages, dramatic gorges, and diverse Tibetan-influenced culture.",teahouse-trekking,strenuous,14,16,5106,"gorkha,manang","spring,autumn","manaslu-circuit,larkya-la,restricted-area,tibetan-culture,high-altitude,mountain-pass,teahouse",,,
Tsum Valley Trek,,"A restricted, culturally rich trek into the hidden Tsum Valley, a sacred Buddhist enclave of ancient monasteries, chortens, and remote villages tucked beneath the Ganesh and Shringi Himal ranges.",teahouse-trekking,moderate,14,16,3700,gorkha,"spring,autumn","tsum-valley,restricted-area,tibetan-culture,buddhist-monasteries,remote-trek,teahouse",,,
Manaslu Tsum Valley Trek,,"A combined trek linking the sacred Tsum Valley with the classic Manaslu Circuit, crossing Larkya La Pass after exploring remote Buddhist villages and monasteries beneath the Manaslu and Ganesh Himal ranges.",teahouse-trekking,strenuous,18,21,5106,"gorkha,manang","spring,autumn","manaslu,tsum-valley,larkya-la,restricted-area,tibetan-culture,high-altitude,teahouse",,,
Rupina La Pass Trek,,"A demanding and remote crossing of Rupina La, one of the toughest passes in the Manaslu region, traversing glaciated terrain and offering close views of Manaslu and Himalchuli.",camping-trekking,extreme,14,16,4720,gorkha,"spring,autumn","rupina-la,manaslu,remote-trek,glacier-crossing,high-altitude",,,
Ganesh Himal Trek,,"A remote wilderness trek around the Ganesh Himal range, combining forested trails, alpine pastures, and traditional Tamang villages with few other trekkers on the route.",camping-trekking,strenuous,10,12,5000,"dhading,rasuwa","spring,autumn","ganesh-himal,tamang-culture,remote-trek,high-altitude,mountain-views",,,
Ruby Valley Trek,,"A community-based trek through the Tamang villages of the Ruby Valley, known for its gemstone mining heritage, forested ridgelines, and views of Ganesh Himal and Langtang.",teahouse-trekking,moderate,8,10,3600,"dhading,rasuwa","spring,autumn","ruby-valley,tamang-culture,community-trek,ganesh-himal,mountain-views,teahouse",,,
Langtang Valley Trek,,"A scenic trek up the glacially carved Langtang Valley close to the Tibetan border, through Tamang villages, rhododendron forests, and yak pastures beneath Langtang Lirung.",teahouse-trekking,moderate,7,9,3870,rasuwa,"spring,autumn","langtang-valley,tamang-culture,langtang-national-park,yak-pasture,mountain-views,teahouse",,,
Gosaikunda Trek,,"A pilgrimage and trekking route to the sacred alpine lake of Gosaikunda, revered by Hindus and Buddhists, crossing rhododendron forests and high ridgelines in Langtang National Park.",teahouse-trekking,moderate,7,9,4380,rasuwa,"spring,autumn","gosaikunda,pilgrimage,sacred-lake,langtang-national-park,mountain-views,teahouse",,,
Helambu Trek,,"An accessible trek close to Kathmandu through the Sherpa and Hyolmo villages of Helambu, with terraced farmland, forest trails, and gentler altitude gains than most Himalayan treks.",teahouse-trekking,easy,5,7,3650,sindhupalchok,"spring,autumn,winter","helambu,hyolmo-culture,short-trek,langtang-national-park,teahouse",,,
Langtang Gosaikunda Trek,,"A combined trek through the Langtang Valley and over to the sacred lakes of Gosaikunda, taking in glacier views, alpine forest, and high mountain passes in one extended route.",teahouse-trekking,moderate,10,12,4380,rasuwa,"spring,autumn","langtang,gosaikunda,langtang-national-park,mountain-views,teahouse",,,
Tamang Heritage Trail,,"A cultural trek through traditional Tamang villages on the edge of Langtang National Park, featuring hot springs, ancient monasteries, and views toward Tibet and the Langtang range.",teahouse-trekking,easy,6,8,3300,rasuwa,"spring,autumn,winter","tamang-heritage,tamang-culture,hot-springs,langtang,mountain-views,teahouse",,,
Laurebina Pass Trek,,"A high pass crossing linking Gosaikunda's sacred lakes with the Helambu region, traversing alpine ridgelines with wide views across Langtang and the Kathmandu valley rim.",teahouse-trekking,moderate,8,10,4610,rasuwa,"spring,autumn","laurebina-pass,gosaikunda,helambu,mountain-pass,mountain-views,teahouse",,,
Panch Pokhari Trek,,"A remote trek to the sacred five lakes of Panch Pokhari, a Hindu pilgrimage site set on a high ridge with panoramic views of Langtang, Jugal Himal, and the eastern Himalaya.",camping-trekking,strenuous,8,10,4100,sindhupalchok,"spring,autumn","panch-pokhari,pilgrimage,sacred-lakes,jugal-himal,mountain-views",,,
Jugal Himal Trek,,"A remote and rarely visited trek around the Jugal Himal range northeast of Kathmandu, offering solitude, traditional Tamang and Sherpa villages, and dramatic unspoiled mountain scenery.",camping-trekking,strenuous,10,12,5000,sindhupalchok,"spring,autumn","jugal-himal,remote-trek,tamang-culture,high-altitude,mountain-views",,,
Rolwaling Valley Trek,,"A rugged trek up the remote Rolwaling Valley beneath Gauri Shankar, through glacial moraine and traditional Sherpa villages, popular with experienced trekkers seeking solitude.",camping-trekking,strenuous,12,14,4980,dolakha,"spring,autumn","rolwaling-valley,gauri-shankar,sherpa-culture,remote-trek,high-altitude,mountain-views",,,
Tashi Lapcha Pass Trek,,"An extreme high-altitude crossing linking the Rolwaling and Khumbu valleys via the technical Tashi Lapcha Pass (5,755 m), involving glacier travel and requiring mountaineering experience.",camping-trekking,extreme,18,20,5755,"dolakha,solukhumbu","spring,autumn","tashi-lapcha,rolwaling,khumbu,glacier-crossing,high-altitude,mountain-pass",,,
Numbur Cheese Circuit Trek,,"A community-based trek beneath Numbur Himal through Sherpa villages known for traditional cheese production, combining cultural immersion with quiet forest and alpine trails.",teahouse-trekking,moderate,10,12,4000,"solukhumbu,ramechhap","spring,autumn","numbur-cheese-circuit,sherpa-culture,community-trek,mountain-views,teahouse",,,
Sailung Trek,,"A short and easy trek to Sailung Danda, a ridge known for its rhododendron forests, panoramic Himalayan views, and religious significance to both Hindus and Buddhists.",teahouse-trekking,easy,4,6,3146,dolakha,"spring,autumn","sailung,rhododendron-forest,short-trek,mountain-views,sacred-site",,,
Pikey Sailung Trek,,"A combined ridge trek linking the viewpoints of Pikey Peak and Sailung Danda, offering extended panoramas of Everest and the eastern Himalaya through Sherpa and Rai villages.",teahouse-trekking,moderate,8,10,4065,"solukhumbu,dolakha","spring,autumn","pikey-peak,sailung,everest,sherpa-culture,mountain-views,teahouse",,,
Kalinchowk Trek,,"A short trek to the sacred Kalinchowk Bhagwati temple at high altitude, popular for its cable car access, panoramic mountain views, and winter snow scenery.",teahouse-trekking,easy,3,4,3842,dolakha,"spring,autumn,winter","kalinchowk,sacred-site,short-trek,mountain-views,pilgrimage",,,
Kanchenjunga North Base Camp Trek,,"A remote wilderness trek to the northern base camp of Kanchenjunga, the world's third-highest peak, through pristine forests, glaciers, and Tibetan-influenced villages in far eastern Nepal.",camping-trekking,strenuous,18,21,5140,taplejung,"spring,autumn","kanchenjunga,north-base-camp,restricted-area,remote-trek,high-altitude,glacier,mountain-views",,,
Kanchenjunga South Base Camp Trek,,"A remote trek to the southern base camp of Kanchenjunga, offering close views of the massif and Jannu, through rhododendron forests and traditional Limbu and Sherpa villages.",camping-trekking,strenuous,16,18,4780,taplejung,"spring,autumn","kanchenjunga,south-base-camp,restricted-area,limbu-culture,high-altitude,mountain-views",,,
Kanchenjunga Circuit Trek,,"A demanding circuit linking both the north and south base camps of Kanchenjunga via high passes, offering the most complete exploration of this remote far-eastern wilderness.",camping-trekking,extreme,22,24,5140,taplejung,"spring,autumn","kanchenjunga-circuit,restricted-area,remote-trek,high-altitude,glacier,mountain-pass",,,
Lumba Sumba Pass Trek,,"A remote high-altitude crossing linking the Kanchenjunga and Makalu regions via Lumba Sumba Pass, traversing glaciated terrain rarely visited by trekkers.",camping-trekking,extreme,18,20,5177,"taplejung,sankhuwasabha","spring,autumn","lumba-sumba,kanchenjunga,makalu,remote-trek,high-altitude,mountain-pass,glacier-crossing",,,
Makalu Base Camp Trek,,"A wilderness trek to the base of Makalu (8,485 m), the world's fifth-highest peak, through the pristine forests of Makalu Barun National Park and remote Sherpa and Rai settlements.",camping-trekking,strenuous,16,18,4870,sankhuwasabha,"spring,autumn","makalu-base-camp,makalu-barun-national-park,remote-trek,high-altitude,mountain-views",,,
Makalu Circuit Trek,,"An extended, demanding circuit around Makalu combining base camp views with remote high passes, glacier crossings, and rarely visited valleys in the Barun region.",camping-trekking,extreme,20,22,5250,sankhuwasabha,"spring,autumn","makalu-circuit,makalu-barun-national-park,remote-trek,high-altitude,glacier-crossing",,,
Arun Valley Trek,,"A lower-altitude trek following the Arun River valley through subtropical forest, terraced farmland, and diverse ethnic villages on the approach to the Makalu region.",teahouse-trekking,moderate,10,12,3000,sankhuwasabha,"spring,autumn,winter","arun-valley,makalu,river-valley,cultural-trek,teahouse",,,
Milke Danda Trek,,"A ridge trek through some of Nepal's largest rhododendron forests between the Kanchenjunga and Makalu regions, with sweeping views across the eastern Himalaya.",teahouse-trekking,moderate,6,8,3600,"taplejung,sankhuwasabha","spring,autumn","milke-danda,rhododendron-forest,mountain-views,teahouse",,,
Pathibhara Temple Trek,,"A pilgrimage trek to the sacred Pathibhara Devi temple, one of Nepal's most revered Hindu and Kirat pilgrimage sites, set on a ridge with far-reaching Himalayan views.",pilgrimage-trek,easy,4,6,3794,taplejung,"spring,autumn","pathibhara,pilgrimage,sacred-site,mountain-views,short-trek",,,
Ilam Tea Garden Walk,,"A relaxed walk through the rolling tea gardens of Ilam in Nepal's far east, combined with visits to Kirat and Nepali hill villages and views toward Kanchenjunga.",day-hike,easy,1,2,1800,ilam,"spring,autumn,winter","ilam,tea-gardens,day-hike,cultural-trek,short-trek",,,
Dhorpatan Hunting Reserve Trek,,"A trek through Nepal's only hunting reserve, a remote high-altitude valley of grasslands and forest home to blue sheep, on the western fringe of the Dhaulagiri range.",camping-trekking,moderate,8,10,3800,"baglung,myagdi,rukum","spring,autumn","dhorpatan,hunting-reserve,wildlife,dhaulagiri,remote-trek",,,
Rara Lake Trek,,"A trek to Rara Lake, Nepal's largest and one of its most pristine lakes, set within Rara National Park in the remote far-western hills, known for turquoise water and quiet forest trails.",teahouse-trekking,moderate,8,10,3700,mugu,"spring,autumn","rara-lake,rara-national-park,remote-trek,mountain-views,teahouse",,,
Rara to Jumla Trek,,"An extended far-western trek connecting the pristine Rara Lake with the historic town of Jumla, through remote forests and traditional Khas villages.",teahouse-trekking,moderate,9,11,3700,"mugu,jumla","spring,autumn","rara-lake,jumla,remote-trek,cultural-trek,teahouse",,,
Jumla Rara Horse Trail,,"A unique horse-riding route between Jumla and Rara Lake in Nepal's remote far west, combining traditional Khas culture with untouched forest and lake scenery.",cultural-tour,easy,6,8,3700,"jumla,mugu","spring,autumn","jumla,rara-lake,horse-trail,cultural-trek,remote-trek",,,
Sinja Valley Trek,,"A culturally significant trek through the Sinja Valley, birthplace of the Khas kingdom and the Nepali language, combining historic sites with far-western hill scenery.",teahouse-trekking,moderate,8,10,3500,jumla,"spring,autumn","sinja-valley,khas-culture,cultural-trek,remote-trek",,,
Phoksundo Lake Trek,,"A trek to the stunning turquoise Phoksundo Lake in Shey Phoksundo National Park, Nepal's deepest lake, set beneath dramatic Trans-Himalayan cliffs in remote Dolpo.",camping-trekking,moderate,10,12,3730,dolpa,"spring,autumn","phoksundo-lake,shey-phoksundo-national-park,dolpo,remote-trek,mountain-views",,,
Upper Dolpo Trek,,"A restricted-area expedition into Upper Dolpo, a remote Trans-Himalayan region of Tibetan Buddhist culture, high desert plateaus, and ancient monasteries, made famous by 'Caravan' and Peter Matthiessen's writing.",camping-trekking,extreme,20,24,5360,dolpa,"summer,autumn","upper-dolpo,restricted-area,tibetan-culture,trans-himalaya,remote-trek,high-altitude",,,
Lower Dolpo Trek,,"A demanding trek through Lower Dolpo's remote valleys and high passes, combining Phoksundo Lake with Tibetan Buddhist villages and dramatic Trans-Himalayan scenery.",camping-trekking,strenuous,14,16,5100,dolpa,"spring,summer,autumn","lower-dolpo,phoksundo-lake,tibetan-culture,remote-trek,high-altitude",,,
Shey Gompa Trek,,"A pilgrimage-style trek to the sacred Shey Gompa monastery beneath the Crystal Mountain in Upper Dolpo, a site of deep spiritual significance in Tibetan Buddhism.",camping-trekking,strenuous,16,18,5115,dolpa,"summer,autumn","shey-gompa,crystal-mountain,tibetan-culture,pilgrimage,remote-trek,high-altitude",,,
Crystal Mountain Trek,,"A remote trek in Upper Dolpo to Crystal Mountain, sacred to Tibetan Buddhists for its naturally occurring crystals, crossing high passes near Shey Gompa monastery.",camping-trekking,strenuous,18,20,5400,dolpa,"summer,autumn","crystal-mountain,shey-gompa,tibetan-culture,remote-trek,high-altitude",,,
Mugu Cultural Trek,,"A cultural trek through the remote Mugu district, exploring traditional far-western villages, monasteries, and landscapes near the Tibetan border, off the standard trekking circuit.",cultural-tour,moderate,8,10,3700,mugu,"spring,autumn","mugu,cultural-trek,remote-trek,tibetan-culture",,,
Api Base Camp Trek,,"A remote far-western trek to the base of Api Himal (7,132 m), Nepal's westernmost major peak, through untouched forest and traditional Byansi villages near the Tibetan and Indian borders.",camping-trekking,strenuous,14,16,4400,darchula,"spring,autumn","api-himal,base-camp,remote-trek,high-altitude,mountain-views",,,
Api Saipal Trek,,"An extended far-western expedition linking the Api and Saipal Himal ranges, traversing remote, rarely trekked terrain near the tri-border region with India and Tibet.",camping-trekking,extreme,18,20,5000,"darchula,bajhang","spring,autumn","api-himal,saipal,remote-trek,high-altitude,mountain-views",,,
Saipal Base Camp Trek,,"A remote trek to the base of Saipal Himal (7,031 m) in Nepal's far west, offering solitude and untouched mountain scenery rarely visited by international trekkers.",camping-trekking,strenuous,14,16,4800,bajhang,"spring,autumn","saipal,base-camp,remote-trek,high-altitude,mountain-views",,,
Khaptad National Park Trek,,"A gentle trek through the rolling grasslands, forests, and lakes of Khaptad National Park in the far west, home to diverse wildlife and the hermitage of Khaptad Baba.",teahouse-trekking,easy,6,8,3300,"bajhang,bajura,doti,achham","spring,autumn","khaptad,national-park,wildlife,remote-trek",,,
Badimalika Trek,,"A pilgrimage trek to the sacred Badimalika Temple, one of the most revered Hindu shakti peeth sites in far-western Nepal, set on a high remote ridge.",pilgrimage-trek,moderate,8,10,4200,bajura,"spring,autumn","badimalika,pilgrimage,sacred-site,remote-trek,mountain-views",,,
Ramaroshan Trek,,"A remote trek through the Ramaroshan area of far-western Nepal, known for its high-altitude lakes, forests, and traditional villages rarely visited by outsiders.",teahouse-trekking,easy,5,7,3400,achham,"spring,autumn","ramaroshan,remote-trek,cultural-trek,mountain-views",,,
Bajhang Cultural Trek,,"A cultural exploration of the remote Bajhang district in far-western Nepal, visiting traditional villages, temples, and landscapes largely untouched by mainstream tourism.",cultural-tour,moderate,8,10,3500,bajhang,"spring,autumn","bajhang,cultural-trek,remote-trek",,,
Kailash View Trek Nepal,,"A remote trek in far-western Nepal offering distant views toward Mount Kailash across the Tibetan border, combining pilgrimage significance with rugged high-altitude terrain.",camping-trekking,strenuous,10,12,4600,darchula,"spring,autumn","kailash-view,pilgrimage,remote-trek,high-altitude,mountain-views",,,
Koshi Tappu Birding Tour,,"A birdwatching tour through the wetlands of Koshi Tappu Wildlife Reserve, one of Nepal's premier birding destinations, home to hundreds of resident and migratory species along the Koshi River.",wildlife-safari,easy,2,3,100,"sunsari,saptari","winter,spring","koshi-tappu,birding,wildlife-safari,wetlands",,,
Chitwan Jungle Safari,,"A wildlife safari through Chitwan National Park, a UNESCO World Heritage lowland jungle home to one-horned rhinos, Bengal tigers, and diverse birdlife, with jeep, canoe, and walking safaris.",wildlife-safari,easy,2,3,150,chitwan,"autumn,winter,spring","chitwan,jungle-safari,wildlife-safari,unesco-world-heritage,rhino,tiger",,,
Bardia Jungle Safari,,"A wildlife safari through Bardia National Park, Nepal's largest and wildest lowland park, known for tiger sightings, elephant herds, and a more remote, less-crowded safari experience than Chitwan.",wildlife-safari,easy,2,3,200,bardiya,"autumn,winter,spring","bardia,jungle-safari,wildlife-safari,tiger,remote-trek",,,
Shivapuri Day Hike,,"A popular day hike from Kathmandu into Shivapuri Nagarjun National Park, climbing through forest to the summit of Shivapuri for views over the Kathmandu Valley and distant Himalaya.",day-hike,easy,1,1,2732,kathmandu,"spring,autumn,winter","shivapuri,day-hike,kathmandu-valley,national-park,mountain-views",,,
Nagarkot Hiking Trail,,"A short, popular hike near Kathmandu to the hill station of Nagarkot, renowned for sunrise and sunset views over a wide stretch of the eastern Himalaya, including Everest on clear days.",day-hike,easy,1,2,2175,bhaktapur,"spring,autumn,winter","nagarkot,day-hike,sunrise-viewpoint,mountain-views,short-trek",,,
Chandragiri Hill Hike,,"A hike (or cable car ascent) to Chandragiri Hill overlooking the Kathmandu Valley, combining a temple visit with panoramic mountain views close to the capital.",day-hike,easy,1,1,2551,kathmandu,"spring,autumn,winter","chandragiri,day-hike,kathmandu-valley,mountain-views,sacred-site",,,
Phulchoki Hike,,"A forested day hike to Phulchoki, the highest hill rim of the Kathmandu Valley, known for rich birdlife and springtime rhododendron blooms.",day-hike,easy,1,1,2782,lalitpur,"spring,autumn","phulchoki,day-hike,kathmandu-valley,rhododendron-forest,birding",,,
Jamacho Gumba Hike,,"A short forest hike to the Jamacho Gumba monastery in Kathmandu's Shivapuri Nagarjun National Park, offering peaceful trails and valley views close to the city.",day-hike,easy,1,1,2200,kathmandu,"spring,autumn,winter","jamacho-gumba,day-hike,kathmandu-valley,national-park,short-trek",,,
Champadevi Hike,,"A day hike to the Champadevi ridge on the southern rim of the Kathmandu Valley, popular for forest trails, valley views, and a religious shrine at the summit.",day-hike,easy,1,1,2278,kathmandu,"spring,autumn,winter","champadevi,day-hike,kathmandu-valley,short-trek,sacred-site",,,
Nagarjun Forest Hike,,"A short hike through the protected forest of Nagarjun (Jamacho) hill within Shivapuri Nagarjun National Park, offering easy trails and valley views near Kathmandu.",day-hike,easy,1,1,2128,kathmandu,"spring,autumn,winter","nagarjun,day-hike,kathmandu-valley,national-park,short-trek",,,
Australian Camp Hike,,"A short, easy hike near Pokhara to Australian Camp, a popular viewpoint ridge with wide views of the Annapurna range, well suited to families and beginners.",day-hike,easy,1,2,2060,kaski,"spring,autumn,winter","australian-camp,pokhara,day-hike,annapurna,mountain-views,family-friendly",,,
Sarangkot Sunrise Hike,,"A classic short hike above Pokhara to Sarangkot viewpoint, famous for sunrise over the Annapurna and Machhapuchhre ranges and paragliding launch site.",day-hike,easy,1,1,1600,kaski,"spring,autumn,winter","sarangkot,pokhara,sunrise-viewpoint,day-hike,mountain-views",,,
Begnas Lake Hiking Trail,,"A relaxed lakeside and forest hike around Begnas Lake near Pokhara, offering quiet trails, village scenery, and boating away from the busier Phewa Lake area.",day-hike,easy,1,1,1000,kaski,"spring,autumn,winter","begnas-lake,pokhara,day-hike,lake-trek,short-trek",,,
Rupa Lake Hiking Trail,,"A peaceful hiking route around Rupa Lake near Pokhara, combining lakeside trails, birdwatching, and village life away from the main tourist routes.",day-hike,easy,1,1,950,kaski,"spring,autumn,winter","rupa-lake,pokhara,day-hike,lake-trek,birding",,,
Ghalegaun Trek,,"A short community-tourism trek to the Gurung village of Ghalegaun, known for traditional architecture, cultural homestays, and views of Annapurna, Manaslu, and Lamjung Himal.",teahouse-trekking,easy,3,4,2100,lamjung,"spring,autumn,winter","ghalegaun,gurung-culture,community-trek,mountain-views,homestay,teahouse",,,
Sirubari Village Trek,,"A short, well-established community trek to Sirubari, Nepal's first model homestay village, offering an immersive introduction to Gurung culture and hospitality.",cultural-tour,easy,3,4,1700,syangja,"spring,autumn,winter","sirubari,gurung-culture,homestay,community-trek,cultural-trek",,,
Ghandruk Village Trek,,"A short, scenic trek to Ghandruk, one of the largest and most picturesque Gurung villages in the Annapurna region, with excellent close-up views of Annapurna South and Machhapuchhre.",teahouse-trekking,easy,3,5,2012,kaski,"spring,autumn,winter","ghandruk,gurung-culture,annapurna,machhapuchhre,mountain-views,teahouse",,,
Bandipur Heritage Walk,,"A relaxed cultural walk through the well-preserved Newari hill town of Bandipur, combining heritage architecture, viewpoints, and short trails to nearby caves and villages.",cultural-tour,easy,2,3,1030,tanahun,"spring,autumn,winter","bandipur,newari-culture,heritage-walk,cultural-trek,short-trek",,,
Bhujung Village Trek,,"A cultural trek to Bhujung, one of the largest Gurung villages in Nepal, offering traditional architecture, hospitality, and views toward Annapurna and Lamjung Himal.",cultural-tour,easy,4,5,2100,lamjung,"spring,autumn","bhujung,gurung-culture,cultural-trek,mountain-views",,,
Kori Himal Trek,,"A quieter trek in the Lamjung foothills toward Kori Himal, combining forest trails and Gurung villages with views across the Annapurna and Manaslu ranges.",teahouse-trekking,moderate,6,8,3800,lamjung,"spring,autumn","kori-himal,gurung-culture,annapurna,manaslu,mountain-views,teahouse",,,
Poon Hill via Ghorepani Trek,,"The classic route to Poon Hill through the picturesque village of Ghorepani, combining rhododendron forest trails with one of Nepal's most famous sunrise viewpoints over the Annapurna range.",teahouse-trekking,easy,4,5,3210,"kaski,myagdi","spring,autumn,winter","poon-hill,ghorepani,annapurna,sunrise-viewpoint,rhododendron-forest,teahouse",,,